,molecule_id,gene,x_pixel,y_pixel,z_pixel,point,z_pixel_int
0,1,Maoa,1705,1271,0.0,POINT(1705 1705),0
1,2,Maoa,1725,1922,0.0,POINT(1725 1725),0
2,3,Maoa,1753,1863,0.0,POINT(1753 1753),0
3,4,Maoa,1760,1865,0.0,POINT(1760 1760),0
4,5,Maoa,1904,794,0.0,POINT(1904 1904),0
5,6,Maoa,1915,1430,0.0,POINT(1915 1915),0
6,7,Maoa,1751,1873,13.76819064,POINT(1751 1751),1
7,8,Maoa,1780,1844,13.76819064,POINT(1780 1780),1
8,9,Maoa,1816,995,13.76819064,POINT(1816 1816),1
9,10,Maoa,1822,1232,13.76819064,POINT(1822 1822),1
10,11,Maoa,1880,1322,13.76819064,POINT(1880 1880),1
11,12,Maoa,1604,1695,27.53638128,POINT(1604 1604),2
12,13,Maoa,1652,1923,27.53638128,POINT(1652 1652),2
13,14,Maoa,1735,1870,27.53638128,POINT(1735 1735),2
14,15,Maoa,1802,1843,27.53638128,POINT(1802 1802),2
15,16,Maoa,1847,1711,27.53638128,POINT(1847 1847),2
16,17,Maoa,1886,998,27.53638128,POINT(1886 1886),2
17,18,Maoa,1928,1095,27.53638128,POINT(1928 1928),2
18,19,Maoa,1515,1859,41.30457192,POINT(1515 1515),3
19,20,Maoa,1737,1171,41.30457192,POINT(1737 1737),3
20,21,Maoa,1775,1195,41.30457192,POINT(1775 1775),3
21,22,Maoa,1589,1814,55.07276256,POINT(1589 1589),4
22,23,Maoa,1711,1229,55.07276256,POINT(1711 1711),4
23,24,Maoa,1781,1101,55.07276256,POINT(1781 1781),4
24,25,Maoa,1788,1198,55.07276256,POINT(1788 1788),4
25,26,Maoa,1788,1906,55.07276256,POINT(1788 1788),4
26,27,Maoa,1896,660,55.07276256,POINT(1896 1896),4
27,28,Maoa,1767,1898,68.8409532,POINT(1767 1767),5
28,29,Hmgb2,1835,926,13.76819064,POINT(1835 1835),1
29,30,Hmgb2,1644,1696,27.53638128,POINT(1644 1644),2
30,31,Hmgb2,1835,938,110.1455251,POINT(1835 1835),7
31,32,Txndc5,1557,1641,0.0,POINT(1557 1557),0
32,33,Txndc5,1559,1832,0.0,POINT(1559 1559),0
33,34,Txndc5,1658,1663,0.0,POINT(1658 1658),0
34,35,Txndc5,1780,1873,0.0,POINT(1780 1780),0
35,36,Txndc5,1786,1440,0.0,POINT(1786 1786),0
36,37,Txndc5,1814,944,0.0,POINT(1814 1814),0
37,38,Txndc5,1828,1217,0.0,POINT(1828 1828),0
38,39,Txndc5,1834,1856,0.0,POINT(1834 1834),0
39,40,Txndc5,1682,1382,13.76819064,POINT(1682 1682),1
40,41,Txndc5,1745,1806,13.76819064,POINT(1745 1745),1
41,42,Txndc5,1758,1793,13.76819064,POINT(1758 1758),1
42,43,Txndc5,1807,943,13.76819064,POINT(1807 1807),1
43,44,Txndc5,1829,1714,13.76819064,POINT(1829 1829),1
44,45,Txndc5,1841,942,13.76819064,POINT(1841 1841),1
45,46,Txndc5,1860,1635,13.76819064,POINT(1860 1860),1
46,47,Txndc5,1755,1807,27.53638128,POINT(1755 1755),2
47,48,Txndc5,1773,1016,27.53638128,POINT(1773 1773),2
48,49,Txndc5,1800,1252,27.53638128,POINT(1800 1800),2
49,50,Txndc5,1837,1852,27.53638128,POINT(1837 1837),2
50,51,Txndc5,1866,1828,27.53638128,POINT(1866 1866),2
51,52,Txndc5,1870,1196,27.53638128,POINT(1870 1870),2
52,53,Txndc5,1935,872,27.53638128,POINT(1935 1935),2
53,54,Txndc5,1511,1865,41.30457192,POINT(1511 1511),3
54,55,Txndc5,1519,1667,41.30457192,POINT(1519 1519),3
55,56,Txndc5,1578,1572,41.30457192,POINT(1578 1578),3
56,57,Txndc5,1708,1224,41.30457192,POINT(1708 1708),3
57,58,Txndc5,1740,1633,41.30457192,POINT(1740 1740),3
58,59,Txndc5,1814,1233,41.30457192,POINT(1814 1814),3
59,60,Txndc5,1877,1070,41.30457192,POINT(1877 1877),3
60,61,Txndc5,1554,1606,55.07276256,POINT(1554 1554),4
61,62,Txndc5,1566,1798,55.07276256,POINT(1566 1566),4
62,63,Txndc5,1702,1698,55.07276256,POINT(1702 1702),4
63,64,Txndc5,1715,1191,55.07276256,POINT(1715 1715),4
64,65,Txndc5,1726,1206,55.07276256,POINT(1726 1726),4
65,66,Txndc5,1777,1151,55.07276256,POINT(1777 1777),4
66,67,Txndc5,1795,922,55.07276256,POINT(1795 1795),4
67,68,Txndc5,1847,881,55.07276256,POINT(1847 1847),4
68,69,Txndc5,1861,922,55.07276256,POINT(1861 1861),4
69,70,Txndc5,1524,1840,68.8409532,POINT(1524 1524),5
70,71,Txndc5,1631,1603,68.8409532,POINT(1631 1631),5
71,72,Txndc5,1807,985,68.8409532,POINT(1807 1807),5
72,73,Txndc5,1830,1110,68.8409532,POINT(1830 1830),5
73,74,Txndc5,1858,1531,68.8409532,POINT(1858 1858),5
74,75,Txndc5,1899,1269,68.8409532,POINT(1899 1899),5
75,76,Txndc5,1791,1107,82.60914384,POINT(1791 1791),6
76,77,Txndc5,1797,1144,82.60914384,POINT(1797 1797),6
77,78,Txndc5,1827,1475,82.60914384,POINT(1827 1827),6
78,79,Txndc5,1850,938,82.60914384,POINT(1850 1850),6
79,80,Txndc5,1827,1475,96.37733447,POINT(1827 1827),6
80,81,Klk1,1683,1861,13.76819064,POINT(1683 1683),1
81,82,Klk1,1861,1590,82.60914384,POINT(1861 1861),6
82,83,Slc12a2,1755,1731,0.0,POINT(1755 1755),0
83,84,Slc12a2,1761,1791,0.0,POINT(1761 1761),0
84,85,Slc12a2,1777,1593,0.0,POINT(1777 1777),0
85,86,Slc12a2,1789,1705,0.0,POINT(1789 1789),0
86,87,Slc12a2,1876,1822,0.0,POINT(1876 1876),0
87,88,Slc12a2,1883,1765,0.0,POINT(1883 1883),0
88,89,Slc12a2,1893,1563,0.0,POINT(1893 1893),0
89,90,Slc12a2,1910,1472,0.0,POINT(1910 1910),0
90,91,Slc12a2,1927,1824,0.0,POINT(1927 1927),0
91,92,Slc12a2,1811,1782,13.76819064,POINT(1811 1811),1
92,93,Slc12a2,1829,1079,13.76819064,POINT(1829 1829),1
93,94,Slc12a2,1856,1780,13.76819064,POINT(1856 1856),1
94,95,Slc12a2,1861,1865,13.76819064,POINT(1861 1861),1
95,96,Slc12a2,1898,1788,13.76819064,POINT(1898 1898),1
96,97,Slc12a2,1939,1467,13.76819064,POINT(1939 1939),1
97,98,Slc12a2,1711,1863,27.53638128,POINT(1711 1711),2
98,99,Slc12a2,1724,1320,27.53638128,POINT(1724 1724),2
99,100,Slc12a2,1761,1793,27.53638128,POINT(1761 1761),2
100,101,Slc12a2,1795,1799,27.53638128,POINT(1795 1795),2
101,102,Slc12a2,1811,1780,27.53638128,POINT(1811 1811),2
102,103,Slc12a2,1818,1670,27.53638128,POINT(1818 1818),2
103,104,Slc12a2,1837,1786,27.53638128,POINT(1837 1837),2
104,105,Slc12a2,1844,1791,27.53638128,POINT(1844 1844),2
105,106,Slc12a2,1898,1786,27.53638128,POINT(1898 1898),2
106,107,Slc12a2,1899,1437,27.53638128,POINT(1899 1899),2
107,108,Slc12a2,1902,928,27.53638128,POINT(1902 1902),2
108,109,Slc12a2,1902,1849,27.53638128,POINT(1902 1902),2
109,110,Slc12a2,1733,1816,41.30457192,POINT(1733 1733),3
110,111,Slc12a2,1769,1786,41.30457192,POINT(1769 1769),3
111,112,Slc12a2,1786,1800,41.30457192,POINT(1786 1786),3
112,113,Slc12a2,1811,1812,41.30457192,POINT(1811 1811),3
113,114,Slc12a2,1835,1811,41.30457192,POINT(1835 1835),3
114,115,Slc12a2,1841,1316,41.30457192,POINT(1841 1841),3
115,116,Slc12a2,1861,920,41.30457192,POINT(1861 1861),3
116,117,Slc12a2,1880,1613,41.30457192,POINT(1880 1880),3
117,118,Slc12a2,1888,1592,41.30457192,POINT(1888 1888),3
118,119,Slc12a2,1734,1813,55.07276256,POINT(1734 1734),4
119,120,Slc12a2,1807,965,55.07276256,POINT(1807 1807),4
120,121,Slc12a2,1845,1852,55.07276256,POINT(1845 1845),4
121,122,Slc12a2,1558,1878,68.8409532,POINT(1558 1558),5
122,123,Slc12a2,1663,1716,68.8409532,POINT(1663 1663),5
123,124,Slc12a2,1709,1721,68.8409532,POINT(1709 1709),5
124,125,Slc12a2,1787,1495,68.8409532,POINT(1787 1787),5
125,126,Slc12a2,1794,1144,68.8409532,POINT(1794 1794),5
126,127,Slc12a2,1663,1718,82.60914384,POINT(1663 1663),6
127,128,Slc12a2,1743,1186,82.60914384,POINT(1743 1743),6
128,129,Slc12a2,1825,1465,82.60914384,POINT(1825 1825),6
129,130,Slc12a2,1894,1305,82.60914384,POINT(1894 1894),6
130,131,Lrmp,1744,1429,0.0,POINT(1744 1744),0
131,132,Avil,1707,1929,0.0,POINT(1707 1707),0
132,133,Avil,1716,1930,0.0,POINT(1716 1716),0
133,134,Avil,1722,1938,0.0,POINT(1722 1722),0
134,135,Avil,1743,1902,0.0,POINT(1743 1743),0
135,136,Avil,1765,1861,0.0,POINT(1765 1765),0
136,137,Avil,1717,1901,13.76819064,POINT(1717 1717),1
137,138,Avil,1716,1939,13.76819064,POINT(1716 1716),1
138,139,Avil,1724,1904,13.76819064,POINT(1724 1724),1
139,140,Avil,1726,1912,13.76819064,POINT(1726 1726),1
140,141,Avil,1740,1889,13.76819064,POINT(1740 1740),1
141,142,Avil,1751,1939,13.76819064,POINT(1751 1751),1
142,143,Avil,1770,1900,13.76819064,POINT(1770 1770),1
143,144,Avil,1772,1872,13.76819064,POINT(1772 1772),1
144,145,Avil,1718,1898,27.53638128,POINT(1718 1718),2
145,146,Avil,1759,1872,27.53638128,POINT(1759 1759),2
146,147,Avil,1770,1931,27.53638128,POINT(1770 1770),2
147,148,Avil,1839,1841,27.53638128,POINT(1839 1839),2
148,149,Avil,1720,1931,41.30457192,POINT(1720 1720),3
149,150,Avil,1724,1914,41.30457192,POINT(1724 1724),3
150,151,Avil,1733,1889,41.30457192,POINT(1733 1733),3
151,152,Avil,1740,1892,41.30457192,POINT(1740 1740),3
152,153,Avil,1745,1906,41.30457192,POINT(1745 1745),3
153,154,Avil,1766,1911,41.30457192,POINT(1766 1766),3
154,155,Avil,1780,1839,41.30457192,POINT(1780 1780),3
155,156,Avil,1725,1927,55.07276256,POINT(1725 1725),4
156,157,Avil,1736,1881,55.07276256,POINT(1736 1736),4
157,158,Avil,1750,1860,55.07276256,POINT(1750 1750),4
158,159,Avil,1771,1869,55.07276256,POINT(1771 1771),4
159,160,Avil,1778,1868,55.07276256,POINT(1778 1778),4
160,161,Avil,1742,1937,68.8409532,POINT(1742 1742),5
161,162,Avil,1743,1928,68.8409532,POINT(1743 1743),5
162,163,Avil,1781,1884,68.8409532,POINT(1781 1781),5
163,164,Avil,1741,1937,82.60914384,POINT(1741 1741),6
164,165,Avil,1741,1938,96.37733447,POINT(1741 1741),6
165,166,Trpm5,1754,1803,27.53638128,POINT(1754 1754),2
166,167,Tm4sf4,1712,1924,0.0,POINT(1712 1712),0
167,168,Tm4sf4,1733,1840,0.0,POINT(1733 1733),0
168,169,Tm4sf4,1715,1856,13.76819064,POINT(1715 1715),1
169,170,Tm4sf4,1751,1831,13.76819064,POINT(1751 1751),1
170,171,Tm4sf4,1766,1818,13.76819064,POINT(1766 1766),1
171,172,Tm4sf4,1714,1863,27.53638128,POINT(1714 1714),2
172,173,Krt7,1528,1622,0.0,POINT(1528 1528),0
173,174,Krt7,1707,1258,0.0,POINT(1707 1707),0
174,175,Krt7,1845,849,0.0,POINT(1845 1845),0
175,176,Krt7,1523,1748,13.76819064,POINT(1523 1523),1
176,177,Krt7,1539,1829,13.76819064,POINT(1539 1539),1
177,178,Krt7,1519,1627,27.53638128,POINT(1519 1519),2
178,179,Krt7,1565,1807,27.53638128,POINT(1565 1565),2
179,180,Krt7,1654,1476,27.53638128,POINT(1654 1654),2
180,181,Krt7,1521,1666,55.07276256,POINT(1521 1521),4
181,182,Krt7,1520,1690,68.8409532,POINT(1520 1520),5
182,183,Krt7,1697,1255,68.8409532,POINT(1697 1697),5
183,184,Krt7,1532,1906,82.60914384,POINT(1532 1532),6
184,185,Krt7,1802,1001,82.60914384,POINT(1802 1802),6
185,186,Krt7,1828,937,82.60914384,POINT(1828 1828),6
186,187,Krt7,1853,870,82.60914384,POINT(1853 1853),6
187,188,Krt7,1828,938,96.37733447,POINT(1828 1828),6
188,189,Krt7,1845,916,96.37733447,POINT(1845 1845),6
189,190,Tspan13,1657,1759,0.0,POINT(1657 1657),0
190,191,Tspan13,1659,1596,0.0,POINT(1659 1659),0
191,192,Tspan13,1663,1624,0.0,POINT(1663 1663),0
192,193,Tspan13,1673,1458,0.0,POINT(1673 1673),0
193,194,Tspan13,1728,1351,0.0,POINT(1728 1728),0
194,195,Tspan13,1801,1140,0.0,POINT(1801 1801),0
195,196,Tspan13,1800,1860,0.0,POINT(1800 1800),0
196,197,Tspan13,1852,1004,0.0,POINT(1852 1852),0
197,198,Tspan13,1861,1716,0.0,POINT(1861 1861),0
198,199,Tspan13,1865,1254,0.0,POINT(1865 1865),0
199,200,Tspan13,1894,703,0.0,POINT(1894 1894),0
200,201,Tspan13,1515,1870,13.76819064,POINT(1515 1515),1
201,202,Tspan13,1540,1852,13.76819064,POINT(1540 1540),1
202,203,Tspan13,1584,1780,13.76819064,POINT(1584 1584),1
203,204,Tspan13,1652,1638,13.76819064,POINT(1652 1652),1
204,205,Tspan13,1678,1716,13.76819064,POINT(1678 1678),1
205,206,Tspan13,1755,1858,13.76819064,POINT(1755 1755),1
206,207,Tspan13,1813,1345,13.76819064,POINT(1813 1813),1
207,208,Tspan13,1859,1700,13.76819064,POINT(1859 1859),1
208,209,Tspan13,1870,1716,13.76819064,POINT(1870 1870),1
209,210,Tspan13,1876,1697,13.76819064,POINT(1876 1876),1
210,211,Tspan13,1646,1899,27.53638128,POINT(1646 1646),2
211,212,Tspan13,1786,987,27.53638128,POINT(1786 1786),2
212,213,Tspan13,1807,1571,27.53638128,POINT(1807 1807),2
213,214,Tspan13,1812,1249,27.53638128,POINT(1812 1812),2
214,215,Tspan13,1811,1839,27.53638128,POINT(1811 1811),2
215,216,Tspan13,1827,903,27.53638128,POINT(1827 1827),2
216,217,Tspan13,1941,703,27.53638128,POINT(1941 1941),2
217,218,Tspan13,1514,1678,41.30457192,POINT(1514 1514),3
218,219,Tspan13,1536,1722,41.30457192,POINT(1536 1536),3
219,220,Tspan13,1542,1802,41.30457192,POINT(1542 1542),3
220,221,Tspan13,1573,1780,41.30457192,POINT(1573 1573),3
221,222,Tspan13,1589,1591,41.30457192,POINT(1589 1589),3
222,223,Tspan13,1727,1923,41.30457192,POINT(1727 1727),3
223,224,Tspan13,1851,997,41.30457192,POINT(1851 1851),3
224,225,Tspan13,1860,1020,41.30457192,POINT(1860 1860),3
225,226,Tspan13,1862,1707,41.30457192,POINT(1862 1862),3
226,227,Tspan13,1877,1103,41.30457192,POINT(1877 1877),3
227,228,Tspan13,1895,654,41.30457192,POINT(1895 1895),3
228,229,Tspan13,1940,1159,41.30457192,POINT(1940 1940),3
229,230,Tspan13,1530,1888,55.07276256,POINT(1530 1530),4
230,231,Tspan13,1586,1595,55.07276256,POINT(1586 1586),4
231,232,Tspan13,1632,1518,55.07276256,POINT(1632 1632),4
232,233,Tspan13,1689,1564,55.07276256,POINT(1689 1689),4
233,234,Tspan13,1703,1243,55.07276256,POINT(1703 1703),4
234,235,Tspan13,1749,1858,55.07276256,POINT(1749 1749),4
235,236,Tspan13,1831,1216,55.07276256,POINT(1831 1831),4
236,237,Tspan13,1521,1930,68.8409532,POINT(1521 1521),5
237,238,Tspan13,1543,1757,68.8409532,POINT(1543 1543),5
238,239,Tspan13,1697,1279,68.8409532,POINT(1697 1697),5
239,240,Tspan13,1857,1306,68.8409532,POINT(1857 1857),5
240,241,Tspan13,1884,1062,68.8409532,POINT(1884 1884),5
241,242,Tspan13,1682,1649,82.60914384,POINT(1682 1682),6
242,243,Tspan13,1699,1206,82.60914384,POINT(1699 1699),6
243,244,Tspan13,1724,1399,82.60914384,POINT(1724 1724),6
244,245,Tspan13,1842,1524,82.60914384,POINT(1842 1842),6
245,246,Tspan13,1884,1062,82.60914384,POINT(1884 1884),6
246,247,Tspan13,1681,1650,96.37733447,POINT(1681 1681),6
247,248,Tspan13,1813,1188,96.37733447,POINT(1813 1813),6
248,249,Tspan13,1837,1508,96.37733447,POINT(1837 1837),6
249,250,Rcor2,1786,1875,68.8409532,POINT(1786 1786),5
250,251,Sox4,1675,1672,0.0,POINT(1675 1675),0
251,252,Sox4,1733,1365,0.0,POINT(1733 1733),0
252,253,Sox4,1776,1882,0.0,POINT(1776 1776),0
253,254,Sox4,1784,1123,0.0,POINT(1784 1784),0
254,255,Sox4,1792,1242,0.0,POINT(1792 1792),0
255,256,Sox4,1797,1856,0.0,POINT(1797 1797),0
256,257,Sox4,1853,1815,0.0,POINT(1853 1853),0
257,258,Sox4,1867,1939,0.0,POINT(1867 1867),0
258,259,Sox4,1881,1924,0.0,POINT(1881 1881),0
259,260,Sox4,1645,1758,13.76819064,POINT(1645 1645),1
260,261,Sox4,1704,1296,13.76819064,POINT(1704 1704),1
261,262,Sox4,1744,1925,13.76819064,POINT(1744 1744),1
262,263,Sox4,1764,1511,13.76819064,POINT(1764 1764),1
263,264,Sox4,1775,1906,13.76819064,POINT(1775 1775),1
264,265,Sox4,1783,1123,13.76819064,POINT(1783 1783),1
265,266,Sox4,1886,894,13.76819064,POINT(1886 1886),1
266,267,Sox4,1572,1574,27.53638128,POINT(1572 1572),2
267,268,Sox4,1731,1891,27.53638128,POINT(1731 1731),2
268,269,Sox4,1739,1933,27.53638128,POINT(1739 1739),2
269,270,Sox4,1739,1914,27.53638128,POINT(1739 1739),2
270,271,Sox4,1779,1843,27.53638128,POINT(1779 1779),2
271,272,Sox4,1791,1454,27.53638128,POINT(1791 1791),2
272,273,Sox4,1800,1264,27.53638128,POINT(1800 1800),2
273,274,Sox4,1804,1848,27.53638128,POINT(1804 1804),2
274,275,Sox4,1813,1846,27.53638128,POINT(1813 1813),2
275,276,Sox4,1829,1859,27.53638128,POINT(1829 1829),2
276,277,Sox4,1581,1825,41.30457192,POINT(1581 1581),3
277,278,Sox4,1786,1836,41.30457192,POINT(1786 1786),3
278,279,Sox4,1809,1840,41.30457192,POINT(1809 1809),3
279,280,Sox4,1905,814,41.30457192,POINT(1905 1905),3
280,281,Sox4,1722,1917,55.07276256,POINT(1722 1722),4
281,282,Sox4,1877,1033,55.07276256,POINT(1877 1877),4
282,283,Sox4,1704,1638,68.8409532,POINT(1704 1704),5
283,284,Sox4,1932,1367,68.8409532,POINT(1932 1932),5
284,285,Sox4,1520,1849,82.60914384,POINT(1520 1520),6
285,286,Sox4,1703,1637,82.60914384,POINT(1703 1703),6
286,287,Sox4,1788,1052,82.60914384,POINT(1788 1788),6
287,288,Sox4,1518,1849,96.37733447,POINT(1518 1518),6
288,289,Sox4,1683,1543,96.37733447,POINT(1683 1683),6
289,290,Hhex,1921,952,82.60914384,POINT(1921 1921),6
290,291,Rgs4,1726,1846,0.0,POINT(1726 1726),0
291,292,Rgs4,1808,1230,0.0,POINT(1808 1808),0
292,293,Rgs4,1587,1689,13.76819064,POINT(1587 1587),1
293,294,Rgs4,1694,1934,13.76819064,POINT(1694 1694),1
294,295,Rgs4,1768,1909,13.76819064,POINT(1768 1768),1
295,296,Rgs4,1826,1115,13.76819064,POINT(1826 1826),1
296,297,Rgs4,1837,1103,13.76819064,POINT(1837 1837),1
297,298,Rgs4,1863,1867,13.76819064,POINT(1863 1863),1
298,299,Rgs4,1937,1746,13.76819064,POINT(1937 1937),1
299,300,Rgs4,1938,1665,13.76819064,POINT(1938 1938),1
300,301,Rgs4,1679,1903,27.53638128,POINT(1679 1679),2
301,302,Rgs4,1688,1867,27.53638128,POINT(1688 1688),2
302,303,Rgs4,1723,1941,27.53638128,POINT(1723 1723),2
303,304,Rgs4,1782,1193,27.53638128,POINT(1782 1782),2
304,305,Rgs4,1792,1582,27.53638128,POINT(1792 1792),2
305,306,Rgs4,1796,1443,27.53638128,POINT(1796 1796),2
306,307,Rgs4,1872,1491,27.53638128,POINT(1872 1872),2
307,308,Rgs4,1940,1424,27.53638128,POINT(1940 1940),2
308,309,Rgs4,1565,1668,41.30457192,POINT(1565 1565),3
309,310,Rgs4,1644,1566,41.30457192,POINT(1644 1644),3
310,311,Rgs4,1655,1730,41.30457192,POINT(1655 1655),3
311,312,Rgs4,1706,1872,41.30457192,POINT(1706 1706),3
312,313,Rgs4,1794,1839,41.30457192,POINT(1794 1794),3
313,314,Rgs4,1821,1218,41.30457192,POINT(1821 1821),3
314,315,Rgs4,1886,925,41.30457192,POINT(1886 1886),3
315,316,Rgs4,1557,1655,55.07276256,POINT(1557 1557),4
316,317,Rgs4,1718,1887,55.07276256,POINT(1718 1718),4
317,318,Rgs4,1737,1665,55.07276256,POINT(1737 1737),4
318,319,Rgs4,1840,1536,55.07276256,POINT(1840 1840),4
319,320,Rgs4,1724,1879,68.8409532,POINT(1724 1724),5
320,321,Rgs4,1792,1462,68.8409532,POINT(1792 1792),5
321,322,Rgs4,1859,1583,68.8409532,POINT(1859 1859),5
322,323,Rgs4,1792,1459,82.60914384,POINT(1792 1792),6
323,324,Adgrf5,1521,1674,0.0,POINT(1521 1521),0
324,325,Adgrf5,1860,1737,0.0,POINT(1860 1860),0
325,326,Adgrf5,1862,1685,27.53638128,POINT(1862 1862),2
326,327,Scn3a,1719,1923,0.0,POINT(1719 1719),0
327,328,Scn3a,1682,1919,13.76819064,POINT(1682 1682),1
328,329,Scn3a,1698,1912,13.76819064,POINT(1698 1698),1
329,330,Scn3a,1705,1923,13.76819064,POINT(1705 1705),1
330,331,Scn3a,1721,1916,13.76819064,POINT(1721 1721),1
331,332,Scn3a,1755,1940,13.76819064,POINT(1755 1755),1
332,333,Scn3a,1833,1860,13.76819064,POINT(1833 1833),1
333,334,Scn3a,1754,1877,27.53638128,POINT(1754 1754),2
334,335,Scn3a,1650,1799,41.30457192,POINT(1650 1650),3
335,336,Scn3a,1665,1919,41.30457192,POINT(1665 1665),3
336,337,Scn3a,1696,1922,41.30457192,POINT(1696 1696),3
337,338,Scn3a,1723,1856,41.30457192,POINT(1723 1723),3
338,339,Scn3a,1768,1932,41.30457192,POINT(1768 1768),3
339,340,Scn3a,1794,1896,41.30457192,POINT(1794 1794),3
340,341,Scn3a,1726,1911,55.07276256,POINT(1726 1726),4
341,342,Scn3a,1786,1903,55.07276256,POINT(1786 1786),4
342,343,Pzp,1671,1577,0.0,POINT(1671 1671),0
343,344,Cd44,1693,1831,0.0,POINT(1693 1693),0
344,345,Cd44,1701,1666,0.0,POINT(1701 1701),0
345,346,Cd44,1709,1825,0.0,POINT(1709 1709),0
346,347,Cd44,1735,1452,0.0,POINT(1735 1735),0
347,348,Cd44,1806,1120,0.0,POINT(1806 1806),0
348,349,Cd44,1884,1054,0.0,POINT(1884 1884),0
349,350,Cd44,1931,976,0.0,POINT(1931 1931),0
350,351,Cd44,1932,1796,0.0,POINT(1932 1932),0
351,352,Cd44,1610,1699,13.76819064,POINT(1610 1610),1
352,353,Cd44,1757,1679,13.76819064,POINT(1757 1757),1
353,354,Cd44,1802,1136,13.76819064,POINT(1802 1802),1
354,355,Cd44,1836,1258,13.76819064,POINT(1836 1836),1
355,356,Cd44,1534,1896,27.53638128,POINT(1534 1534),2
356,357,Cd44,1651,1797,27.53638128,POINT(1651 1651),2
357,358,Cd44,1661,1558,27.53638128,POINT(1661 1661),2
358,359,Cd44,1689,1654,27.53638128,POINT(1689 1689),2
359,360,Cd44,1695,1608,27.53638128,POINT(1695 1695),2
360,361,Cd44,1704,1844,27.53638128,POINT(1704 1704),2
361,362,Cd44,1819,1044,27.53638128,POINT(1819 1819),2
362,363,Cd44,1834,1260,27.53638128,POINT(1834 1834),2
363,364,Cd44,1854,1819,27.53638128,POINT(1854 1854),2
364,365,Cd44,1857,964,27.53638128,POINT(1857 1857),2
365,366,Cd44,1652,1727,41.30457192,POINT(1652 1652),3
366,367,Cd44,1669,1758,41.30457192,POINT(1669 1669),3
367,368,Cd44,1720,1639,41.30457192,POINT(1720 1720),3
368,369,Cd44,1724,1696,41.30457192,POINT(1724 1724),3
369,370,Cd44,1727,1823,41.30457192,POINT(1727 1727),3
370,371,Cd44,1748,1363,41.30457192,POINT(1748 1748),3
371,372,Cd44,1757,1370,41.30457192,POINT(1757 1757),3
372,373,Cd44,1856,1318,41.30457192,POINT(1856 1856),3
373,374,Cd44,1877,1451,41.30457192,POINT(1877 1877),3
374,375,Cd44,1897,936,41.30457192,POINT(1897 1897),3
375,376,Cd44,1575,1658,55.07276256,POINT(1575 1575),4
376,377,Cd44,1577,1772,55.07276256,POINT(1577 1577),4
377,378,Cd44,1669,1931,55.07276256,POINT(1669 1669),4
378,379,Cd44,1734,1678,55.07276256,POINT(1734 1734),4
379,380,Cd44,1746,1359,55.07276256,POINT(1746 1746),4
380,381,Cd44,1790,1421,55.07276256,POINT(1790 1790),4
381,382,Cd44,1802,1178,55.07276256,POINT(1802 1802),4
382,383,Cd44,1873,946,55.07276256,POINT(1873 1873),4
383,384,Cd44,1875,1070,55.07276256,POINT(1875 1875),4
384,385,Cd44,1896,939,55.07276256,POINT(1896 1896),4
385,386,Cd44,1576,1773,68.8409532,POINT(1576 1576),5
386,387,Cd44,1653,1775,68.8409532,POINT(1653 1653),5
387,388,Cd44,1702,1559,68.8409532,POINT(1702 1702),5
388,389,Cd44,1746,1358,68.8409532,POINT(1746 1746),5
389,390,Cd44,1832,1487,68.8409532,POINT(1832 1832),5
390,391,Cd44,1877,1581,82.60914384,POINT(1877 1877),6
391,392,Cd44,1922,1312,82.60914384,POINT(1922 1922),6
392,393,Scarb1,1861,1735,0.0,POINT(1861 1861),0
393,394,Scarb1,1797,1849,13.76819064,POINT(1797 1797),1
394,395,Scarb1,1859,1730,13.76819064,POINT(1859 1859),1
395,396,Scarb1,1860,1666,27.53638128,POINT(1860 1860),2
396,397,Scarb1,1881,1682,27.53638128,POINT(1881 1881),2
397,398,Scarb1,1857,1712,41.30457192,POINT(1857 1857),3
398,399,Scarb1,1752,1931,82.60914384,POINT(1752 1752),6
399,400,Scarb1,1809,928,82.60914384,POINT(1809 1809),6
400,401,Cnr1,1712,1921,0.0,POINT(1712 1712),0
401,402,Cnr1,1721,1912,0.0,POINT(1721 1721),0
402,403,Cnr1,1727,1922,0.0,POINT(1727 1727),0
403,404,Cnr1,1738,1894,0.0,POINT(1738 1738),0
404,405,Cnr1,1740,1903,0.0,POINT(1740 1740),0
405,406,Cnr1,1749,1865,0.0,POINT(1749 1749),0
406,407,Cnr1,1750,1886,0.0,POINT(1750 1750),0
407,408,Cnr1,1763,1877,0.0,POINT(1763 1763),0
408,409,Cnr1,1778,1870,0.0,POINT(1778 1778),0
409,410,Cnr1,1832,1862,0.0,POINT(1832 1832),0
410,411,Cnr1,1593,1696,13.76819064,POINT(1593 1593),1
411,412,Cnr1,1662,1916,13.76819064,POINT(1662 1662),1
412,413,Cnr1,1667,1902,13.76819064,POINT(1667 1667),1
413,414,Cnr1,1700,1878,13.76819064,POINT(1700 1700),1
414,415,Cnr1,1708,1893,13.76819064,POINT(1708 1708),1
415,416,Cnr1,1708,1917,13.76819064,POINT(1708 1708),1
416,417,Cnr1,1707,1868,13.76819064,POINT(1707 1707),1
417,418,Cnr1,1714,1908,13.76819064,POINT(1714 1714),1
418,419,Cnr1,1735,1881,13.76819064,POINT(1735 1735),1
419,420,Cnr1,1734,1924,13.76819064,POINT(1734 1734),1
420,421,Cnr1,1744,1867,13.76819064,POINT(1744 1744),1
421,422,Cnr1,1755,1916,13.76819064,POINT(1755 1755),1
422,423,Cnr1,1755,1867,13.76819064,POINT(1755 1755),1
423,424,Cnr1,1767,1929,13.76819064,POINT(1767 1767),1
424,425,Cnr1,1770,1847,13.76819064,POINT(1770 1770),1
425,426,Cnr1,1779,1862,13.76819064,POINT(1779 1779),1
426,427,Cnr1,1787,1851,13.76819064,POINT(1787 1787),1
427,428,Cnr1,1836,1863,13.76819064,POINT(1836 1836),1
428,429,Cnr1,1848,1859,13.76819064,POINT(1848 1848),1
429,430,Cnr1,1689,1889,27.53638128,POINT(1689 1689),2
430,431,Cnr1,1697,1904,27.53638128,POINT(1697 1697),2
431,432,Cnr1,1722,1859,27.53638128,POINT(1722 1722),2
432,433,Cnr1,1725,1941,27.53638128,POINT(1725 1725),2
433,434,Cnr1,1731,1914,27.53638128,POINT(1731 1731),2
434,435,Cnr1,1735,1881,27.53638128,POINT(1735 1735),2
435,436,Cnr1,1743,1940,27.53638128,POINT(1743 1743),2
436,437,Cnr1,1746,1873,27.53638128,POINT(1746 1746),2
437,438,Cnr1,1747,1895,27.53638128,POINT(1747 1747),2
438,439,Cnr1,1749,1935,27.53638128,POINT(1749 1749),2
439,440,Cnr1,1752,1917,27.53638128,POINT(1752 1752),2
440,441,Cnr1,1756,1867,27.53638128,POINT(1756 1756),2
441,442,Cnr1,1768,1851,27.53638128,POINT(1768 1768),2
442,443,Cnr1,1792,1906,27.53638128,POINT(1792 1792),2
443,444,Cnr1,1801,1862,27.53638128,POINT(1801 1801),2
444,445,Cnr1,1812,1856,27.53638128,POINT(1812 1812),2
445,446,Cnr1,1838,1857,27.53638128,POINT(1838 1838),2
446,447,Cnr1,1846,1857,27.53638128,POINT(1846 1846),2
447,448,Cnr1,1730,1891,41.30457192,POINT(1730 1730),3
448,449,Cnr1,1732,1871,41.30457192,POINT(1732 1732),3
449,450,Cnr1,1736,1877,41.30457192,POINT(1736 1736),3
450,451,Cnr1,1737,1930,41.30457192,POINT(1737 1737),3
451,452,Cnr1,1739,1874,41.30457192,POINT(1739 1739),3
452,453,Cnr1,1742,1937,41.30457192,POINT(1742 1742),3
453,454,Cnr1,1742,1882,41.30457192,POINT(1742 1742),3
454,455,Cnr1,1755,1876,41.30457192,POINT(1755 1755),3
455,456,Cnr1,1772,1851,41.30457192,POINT(1772 1772),3
456,457,Cnr1,1774,1871,41.30457192,POINT(1774 1774),3
457,458,Cnr1,1679,1936,55.07276256,POINT(1679 1679),4
458,459,Cnr1,1716,1873,55.07276256,POINT(1716 1716),4
459,460,Cnr1,1720,1857,55.07276256,POINT(1720 1720),4
460,461,Cnr1,1729,1897,55.07276256,POINT(1729 1729),4
461,462,Cnr1,1731,1871,55.07276256,POINT(1731 1731),4
462,463,Cnr1,1732,1879,55.07276256,POINT(1732 1732),4
463,464,Cnr1,1738,1906,55.07276256,POINT(1738 1738),4
464,465,Cnr1,1739,1876,55.07276256,POINT(1739 1739),4
465,466,Cnr1,1755,1903,55.07276256,POINT(1755 1755),4
466,467,Cnr1,1762,1871,55.07276256,POINT(1762 1762),4
467,468,Cnr1,1770,1879,55.07276256,POINT(1770 1770),4
468,469,Cnr1,1778,1862,55.07276256,POINT(1778 1778),4
469,470,Cnr1,1731,1872,68.8409532,POINT(1731 1731),5
470,471,Cnr1,1736,1884,68.8409532,POINT(1736 1736),5
471,472,Cnr1,1757,1902,68.8409532,POINT(1757 1757),5
472,473,Cnr1,1798,1788,68.8409532,POINT(1798 1798),5
473,474,Cnr1,1731,1872,82.60914384,POINT(1731 1731),6
474,475,Etv1,1676,1877,0.0,POINT(1676 1676),0
475,476,Etv1,1683,1919,0.0,POINT(1683 1683),0
476,477,Etv1,1691,1940,0.0,POINT(1691 1691),0
477,478,Etv1,1722,1852,0.0,POINT(1722 1722),0
478,479,Etv1,1768,1806,0.0,POINT(1768 1768),0
479,480,Etv1,1780,1125,0.0,POINT(1780 1780),0
480,481,Etv1,1822,1712,0.0,POINT(1822 1822),0
481,482,Etv1,1833,1633,0.0,POINT(1833 1833),0
482,483,Etv1,1838,941,0.0,POINT(1838 1838),0
483,484,Etv1,1843,1773,0.0,POINT(1843 1843),0
484,485,Etv1,1858,1813,0.0,POINT(1858 1858),0
485,486,Etv1,1865,1817,0.0,POINT(1865 1865),0
486,487,Etv1,1873,1795,0.0,POINT(1873 1873),0
487,488,Etv1,1884,1818,0.0,POINT(1884 1884),0
488,489,Etv1,1895,1561,0.0,POINT(1895 1895),0
489,490,Etv1,1615,1931,13.76819064,POINT(1615 1615),1
490,491,Etv1,1674,1892,13.76819064,POINT(1674 1674),1
491,492,Etv1,1703,1899,13.76819064,POINT(1703 1703),1
492,493,Etv1,1703,1873,13.76819064,POINT(1703 1703),1
493,494,Etv1,1706,1833,13.76819064,POINT(1706 1706),1
494,495,Etv1,1743,1811,13.76819064,POINT(1743 1743),1
495,496,Etv1,1754,1838,13.76819064,POINT(1754 1754),1
496,497,Etv1,1768,1159,13.76819064,POINT(1768 1768),1
497,498,Etv1,1842,1618,13.76819064,POINT(1842 1842),1
498,499,Etv1,1881,1787,13.76819064,POINT(1881 1881),1
499,500,Etv1,1654,1920,27.53638128,POINT(1654 1654),2
500,501,Etv1,1688,1902,27.53638128,POINT(1688 1688),2
501,502,Etv1,1702,1901,27.53638128,POINT(1702 1702),2
502,503,Etv1,1715,1855,27.53638128,POINT(1715 1715),2
503,504,Etv1,1784,1117,27.53638128,POINT(1784 1784),2
504,505,Etv1,1870,1777,27.53638128,POINT(1870 1870),2
505,506,Etv1,1657,1930,41.30457192,POINT(1657 1657),3
506,507,Etv1,1685,1927,41.30457192,POINT(1685 1685),3
507,508,Etv1,1688,1902,41.30457192,POINT(1688 1688),3
508,509,Etv1,1714,1861,41.30457192,POINT(1714 1714),3
509,510,Etv1,1573,1846,55.07276256,POINT(1573 1573),4
510,511,Etv1,1714,1902,55.07276256,POINT(1714 1714),4
511,512,Etv1,1737,1845,55.07276256,POINT(1737 1737),4
512,513,Etv1,1646,1939,68.8409532,POINT(1646 1646),5
513,514,Etv1,1703,1925,68.8409532,POINT(1703 1703),5
514,515,Pax6,1921,1430,0.0,POINT(1921 1921),0
515,516,Isl1,1591,1818,41.30457192,POINT(1591 1591),3
516,517,Adgrd1,1540,1874,0.0,POINT(1540 1540),0
517,518,Adgrd1,1851,1606,0.0,POINT(1851 1851),0
518,519,Adgrd1,1852,1787,0.0,POINT(1852 1852),0
519,520,Adgrd1,1901,1493,0.0,POINT(1901 1901),0
520,521,Adgrd1,1606,1694,13.76819064,POINT(1606 1606),1
521,522,Adgrd1,1709,1395,13.76819064,POINT(1709 1709),1
522,523,Adgrd1,1708,1716,13.76819064,POINT(1708 1708),1
523,524,Adgrd1,1788,979,13.76819064,POINT(1788 1788),1
524,525,Adgrd1,1822,1715,13.76819064,POINT(1822 1822),1
525,526,Adgrd1,1860,1633,13.76819064,POINT(1860 1860),1
526,527,Adgrd1,1878,1784,13.76819064,POINT(1878 1878),1
527,528,Adgrd1,1821,919,27.53638128,POINT(1821 1821),2
528,529,Adgrd1,1866,1090,27.53638128,POINT(1866 1866),2
529,530,Adgrd1,1776,1776,41.30457192,POINT(1776 1776),3
530,531,Adgrd1,1834,1067,41.30457192,POINT(1834 1834),3
531,532,Adgrd1,1842,1718,41.30457192,POINT(1842 1842),3
532,533,Adgrd1,1884,1762,41.30457192,POINT(1884 1884),3
533,534,Adgrd1,1890,1319,41.30457192,POINT(1890 1890),3
534,535,Adgrd1,1506,1923,55.07276256,POINT(1506 1506),4
535,536,Adgrd1,1692,1363,55.07276256,POINT(1692 1692),4
536,537,Adgrd1,1769,1736,55.07276256,POINT(1769 1769),4
537,538,Adgrd1,1698,1523,68.8409532,POINT(1698 1698),5
538,539,Adgrd1,1742,1177,68.8409532,POINT(1742 1742),5
539,540,Adgrd1,1884,1526,82.60914384,POINT(1884 1884),6
540,541,Nt5e,1590,1598,0.0,POINT(1590 1590),0
541,542,Nt5e,1608,1553,0.0,POINT(1608 1608),0
542,543,Nt5e,1678,1460,0.0,POINT(1678 1678),0
543,544,Nt5e,1685,1586,0.0,POINT(1685 1685),0
544,545,Nt5e,1817,1175,0.0,POINT(1817 1817),0
545,546,Nt5e,1846,993,0.0,POINT(1846 1846),0
546,547,Nt5e,1905,1531,0.0,POINT(1905 1905),0
547,548,Nt5e,1567,1612,13.76819064,POINT(1567 1567),1
548,549,Nt5e,1695,1734,13.76819064,POINT(1695 1695),1
549,550,Nt5e,1936,1697,13.76819064,POINT(1936 1936),1
550,551,Nt5e,1603,1588,27.53638128,POINT(1603 1603),2
551,552,Nt5e,1650,1795,27.53638128,POINT(1650 1650),2
552,553,Nt5e,1820,1010,27.53638128,POINT(1820 1820),2
553,554,Nt5e,1836,1677,27.53638128,POINT(1836 1836),2
554,555,Nt5e,1883,1273,27.53638128,POINT(1883 1883),2
555,556,Nt5e,1665,1764,55.07276256,POINT(1665 1665),4
556,557,Nt5e,1748,1404,55.07276256,POINT(1748 1748),4
557,558,Nt5e,1863,1554,68.8409532,POINT(1863 1863),5
558,559,Nt5e,1632,1602,82.60914384,POINT(1632 1632),6
559,560,Nt5e,1782,1124,82.60914384,POINT(1782 1782),6
560,561,Nt5e,1861,1295,82.60914384,POINT(1861 1861),6
561,562,Nt5e,1872,1076,82.60914384,POINT(1872 1872),6
562,563,Maged2,1633,1910,0.0,POINT(1633 1633),0
563,564,Maged2,1709,1244,0.0,POINT(1709 1709),0
564,565,Maged2,1711,1818,0.0,POINT(1711 1711),0
565,566,Maged2,1807,1139,0.0,POINT(1807 1807),0
566,567,Maged2,1814,938,0.0,POINT(1814 1814),0
567,568,Maged2,1922,1186,0.0,POINT(1922 1922),0
568,569,Maged2,1777,1844,13.76819064,POINT(1777 1777),1
569,570,Maged2,1789,1129,13.76819064,POINT(1789 1789),1
570,571,Maged2,1927,908,13.76819064,POINT(1927 1927),1
571,572,Maged2,1515,1870,27.53638128,POINT(1515 1515),2
572,573,Maged2,1545,1924,27.53638128,POINT(1545 1545),2
573,574,Maged2,1595,1809,27.53638128,POINT(1595 1595),2
574,575,Maged2,1672,1916,27.53638128,POINT(1672 1672),2
575,576,Maged2,1696,1916,27.53638128,POINT(1696 1696),2
576,577,Maged2,1727,1708,27.53638128,POINT(1727 1727),2
577,578,Maged2,1757,1413,27.53638128,POINT(1757 1757),2
578,579,Maged2,1792,1317,27.53638128,POINT(1792 1792),2
579,580,Maged2,1794,1458,27.53638128,POINT(1794 1794),2
580,581,Maged2,1806,1326,27.53638128,POINT(1806 1806),2
581,582,Maged2,1809,948,27.53638128,POINT(1809 1809),2
582,583,Maged2,1847,1002,27.53638128,POINT(1847 1847),2
583,584,Maged2,1900,884,27.53638128,POINT(1900 1900),2
584,585,Maged2,1916,1186,27.53638128,POINT(1916 1916),2
585,586,Maged2,1571,1721,41.30457192,POINT(1571 1571),3
586,587,Maged2,1652,1894,41.30457192,POINT(1652 1652),3
587,588,Maged2,1665,1932,41.30457192,POINT(1665 1665),3
588,589,Maged2,1682,1589,41.30457192,POINT(1682 1682),3
589,590,Maged2,1747,1864,41.30457192,POINT(1747 1747),3
590,591,Maged2,1799,1341,41.30457192,POINT(1799 1799),3
591,592,Maged2,1523,1732,55.07276256,POINT(1523 1523),4
592,593,Maged2,1532,1897,55.07276256,POINT(1532 1532),4
593,594,Maged2,1684,1700,55.07276256,POINT(1684 1684),4
594,595,Maged2,1872,953,55.07276256,POINT(1872 1872),4
595,596,Maged2,1888,1295,55.07276256,POINT(1888 1888),4
596,597,Maged2,1607,1579,68.8409532,POINT(1607 1607),5
597,598,Maged2,1701,1277,68.8409532,POINT(1701 1701),5
598,599,Maged2,1761,1201,68.8409532,POINT(1761 1761),5
599,600,Maged2,1767,1294,68.8409532,POINT(1767 1767),5
600,601,Maged2,1845,1139,68.8409532,POINT(1845 1845),5
601,602,Maged2,1897,918,68.8409532,POINT(1897 1897),5
602,603,Maged2,1914,955,68.8409532,POINT(1914 1914),5
603,604,Maged2,1523,1681,82.60914384,POINT(1523 1523),6
604,605,Maged2,1844,1140,82.60914384,POINT(1844 1844),6
605,606,Maged2,1913,956,82.60914384,POINT(1913 1913),6
606,607,Acsl1,1659,1695,0.0,POINT(1659 1659),0
607,608,Acsl1,1913,1694,13.76819064,POINT(1913 1913),1
608,609,Acsl1,1622,1726,27.53638128,POINT(1622 1622),2
609,610,Acsl1,1804,1125,27.53638128,POINT(1804 1804),2
610,611,Acsl1,1840,1100,27.53638128,POINT(1840 1840),2
611,612,Acsl1,1743,1890,41.30457192,POINT(1743 1743),3
612,613,Acsl1,1900,1010,55.07276256,POINT(1900 1900),4
613,614,Acsl1,1572,1640,82.60914384,POINT(1572 1572),6
614,615,Apob,1807,1365,0.0,POINT(1807 1807),0
615,616,Apob,1874,1856,55.07276256,POINT(1874 1874),4
616,617,Net1,1512,1711,0.0,POINT(1512 1512),0
617,618,Net1,1596,1713,0.0,POINT(1596 1596),0
618,619,Net1,1717,1798,0.0,POINT(1717 1717),0
619,620,Net1,1741,1471,0.0,POINT(1741 1741),0
620,621,Net1,1743,1491,0.0,POINT(1743 1743),0
621,622,Net1,1847,1044,0.0,POINT(1847 1847),0
622,623,Net1,1870,1515,0.0,POINT(1870 1870),0
623,624,Net1,1890,711,0.0,POINT(1890 1890),0
624,625,Net1,1925,928,0.0,POINT(1925 1925),0
625,626,Net1,1938,1293,0.0,POINT(1938 1938),0
626,627,Net1,1938,1484,0.0,POINT(1938 1938),0
627,628,Net1,1939,1072,0.0,POINT(1939 1939),0
628,629,Net1,1767,1027,13.76819064,POINT(1767 1767),1
629,630,Net1,1796,1363,13.76819064,POINT(1796 1796),1
630,631,Net1,1905,1037,13.76819064,POINT(1905 1905),1
631,632,Net1,1906,1372,13.76819064,POINT(1906 1906),1
632,633,Net1,1616,1874,27.53638128,POINT(1616 1616),2
633,634,Net1,1913,786,27.53638128,POINT(1913 1913),2
634,635,Net1,1520,1815,41.30457192,POINT(1520 1520),3
635,636,Net1,1757,1304,41.30457192,POINT(1757 1757),3
636,637,Net1,1770,1712,41.30457192,POINT(1770 1770),3
637,638,Net1,1776,1733,41.30457192,POINT(1776 1776),3
638,639,Net1,1862,1741,41.30457192,POINT(1862 1862),3
639,640,Net1,1554,1698,55.07276256,POINT(1554 1554),4
640,641,Net1,1714,1507,55.07276256,POINT(1714 1714),4
641,642,Net1,1730,1823,55.07276256,POINT(1730 1730),4
642,643,Net1,1776,1717,55.07276256,POINT(1776 1776),4
643,644,Net1,1785,1654,55.07276256,POINT(1785 1785),4
644,645,Net1,1810,1278,55.07276256,POINT(1810 1810),4
645,646,Net1,1813,930,55.07276256,POINT(1813 1813),4
646,647,Net1,1885,860,55.07276256,POINT(1885 1885),4
647,648,Net1,1893,738,55.07276256,POINT(1893 1893),4
648,649,Net1,1923,1373,55.07276256,POINT(1923 1923),4
649,650,Net1,1939,635,55.07276256,POINT(1939 1939),4
650,651,Net1,1517,1889,68.8409532,POINT(1517 1517),5
651,652,Net1,1742,1486,68.8409532,POINT(1742 1742),5
652,653,Net1,1793,1722,68.8409532,POINT(1793 1793),5
653,654,Net1,1797,1417,68.8409532,POINT(1797 1797),5
654,655,Net1,1874,1255,68.8409532,POINT(1874 1874),5
655,656,Net1,1928,834,68.8409532,POINT(1928 1928),5
656,657,Net1,1726,1470,82.60914384,POINT(1726 1726),6
657,658,Ccnl2,1635,1699,0.0,POINT(1635 1635),0
658,659,Ccnl2,1761,1872,0.0,POINT(1761 1761),0
659,660,Ccnl2,1792,1221,0.0,POINT(1792 1792),0
660,661,Ccnl2,1917,1409,0.0,POINT(1917 1917),0
661,662,Ccnl2,1925,1419,0.0,POINT(1925 1925),0
662,663,Ccnl2,1704,1652,13.76819064,POINT(1704 1704),1
663,664,Ccnl2,1715,1250,13.76819064,POINT(1715 1715),1
664,665,Ccnl2,1872,956,13.76819064,POINT(1872 1872),1
665,666,Ccnl2,1539,1817,27.53638128,POINT(1539 1539),2
666,667,Ccnl2,1818,1557,27.53638128,POINT(1818 1818),2
667,668,Ccnl2,1923,1416,27.53638128,POINT(1923 1923),2
668,669,Ccnl2,1935,894,27.53638128,POINT(1935 1935),2
669,670,Ccnl2,1525,1824,41.30457192,POINT(1525 1525),3
670,671,Ccnl2,1529,1831,41.30457192,POINT(1529 1529),3
671,672,Ccnl2,1711,1654,41.30457192,POINT(1711 1711),3
672,673,Ccnl2,1725,1337,41.30457192,POINT(1725 1725),3
673,674,Ccnl2,1875,1697,41.30457192,POINT(1875 1875),3
674,675,Ccnl2,1775,1866,55.07276256,POINT(1775 1775),4
675,676,Ccnl2,1814,902,55.07276256,POINT(1814 1814),4
676,677,Ccnl2,1607,1706,68.8409532,POINT(1607 1607),5
677,678,Ccnl2,1878,1317,68.8409532,POINT(1878 1878),5
678,679,Ccnl2,1829,1716,82.60914384,POINT(1829 1829),6
679,680,Ccnl2,1855,1568,82.60914384,POINT(1855 1855),6
680,681,Ccnl2,1894,1303,82.60914384,POINT(1894 1894),6
681,682,Ccnl2,1897,1561,82.60914384,POINT(1897 1897),6
682,683,Ccnl2,1738,1415,96.37733447,POINT(1738 1738),6
683,684,Ccnl2,1853,1011,96.37733447,POINT(1853 1853),6
684,685,Ada,1756,1894,13.76819064,POINT(1756 1756),1
685,686,Neat1,1505,1646,0.0,POINT(1505 1505),0
686,687,Neat1,1505,1664,0.0,POINT(1505 1505),0
687,688,Neat1,1507,1678,0.0,POINT(1507 1507),0
688,689,Neat1,1513,1646,0.0,POINT(1513 1513),0
689,690,Neat1,1538,1670,0.0,POINT(1538 1538),0
690,691,Neat1,1560,1674,0.0,POINT(1560 1560),0
691,692,Neat1,1639,1689,0.0,POINT(1639 1639),0
692,693,Neat1,1808,1729,0.0,POINT(1808 1808),0
693,694,Neat1,1832,1023,0.0,POINT(1832 1832),0
694,695,Neat1,1835,1015,0.0,POINT(1835 1835),0
695,696,Neat1,1845,1050,0.0,POINT(1845 1845),0
696,697,Neat1,1848,1093,0.0,POINT(1848 1848),0
697,698,Neat1,1850,1102,0.0,POINT(1850 1850),0
698,699,Neat1,1864,1071,0.0,POINT(1864 1864),0
699,700,Neat1,1864,1085,0.0,POINT(1864 1864),0
700,701,Neat1,1870,1313,0.0,POINT(1870 1870),0
701,702,Neat1,1916,1699,0.0,POINT(1916 1916),0
702,703,Neat1,1490,1679,13.76819064,POINT(1490 1490),1
703,704,Neat1,1506,1648,13.76819064,POINT(1506 1506),1
704,705,Neat1,1513,1676,13.76819064,POINT(1513 1513),1
705,706,Neat1,1549,1811,13.76819064,POINT(1549 1549),1
706,707,Neat1,1643,1697,13.76819064,POINT(1643 1643),1
707,708,Neat1,1824,1020,13.76819064,POINT(1824 1824),1
708,709,Neat1,1829,1039,13.76819064,POINT(1829 1829),1
709,710,Neat1,1832,1018,13.76819064,POINT(1832 1832),1
710,711,Neat1,1841,1671,13.76819064,POINT(1841 1841),1
711,712,Neat1,1847,1021,13.76819064,POINT(1847 1847),1
712,713,Neat1,1851,1088,13.76819064,POINT(1851 1851),1
713,714,Neat1,1854,1723,13.76819064,POINT(1854 1854),1
714,715,Neat1,1915,1700,13.76819064,POINT(1915 1915),1
715,716,Neat1,1937,1429,13.76819064,POINT(1937 1937),1
716,717,Neat1,1507,1643,27.53638128,POINT(1507 1507),2
717,718,Neat1,1514,1643,27.53638128,POINT(1514 1514),2
718,719,Neat1,1519,1848,27.53638128,POINT(1519 1519),2
719,720,Neat1,1522,1858,27.53638128,POINT(1522 1522),2
720,721,Neat1,1533,1853,27.53638128,POINT(1533 1533),2
721,722,Neat1,1543,1814,27.53638128,POINT(1543 1543),2
722,723,Neat1,1554,1816,27.53638128,POINT(1554 1554),2
723,724,Neat1,1651,1581,27.53638128,POINT(1651 1651),2
724,725,Neat1,1651,1941,27.53638128,POINT(1651 1651),2
725,726,Neat1,1665,1580,27.53638128,POINT(1665 1665),2
726,727,Neat1,1719,1330,27.53638128,POINT(1719 1719),2
727,728,Neat1,1739,1432,27.53638128,POINT(1739 1739),2
728,729,Neat1,1817,1547,27.53638128,POINT(1817 1817),2
729,730,Neat1,1833,1019,27.53638128,POINT(1833 1833),2
730,731,Neat1,1852,1725,27.53638128,POINT(1852 1852),2
731,732,Neat1,1863,1082,27.53638128,POINT(1863 1863),2
732,733,Neat1,1870,1853,27.53638128,POINT(1870 1870),2
733,734,Neat1,1872,1683,27.53638128,POINT(1872 1872),2
734,735,Neat1,1878,1702,27.53638128,POINT(1878 1878),2
735,736,Neat1,1880,1329,27.53638128,POINT(1880 1880),2
736,737,Neat1,1890,957,27.53638128,POINT(1890 1890),2
737,738,Neat1,1928,1832,27.53638128,POINT(1928 1928),2
738,739,Neat1,1930,1809,27.53638128,POINT(1930 1930),2
739,740,Neat1,1508,1663,41.30457192,POINT(1508 1508),3
740,741,Neat1,1523,1849,41.30457192,POINT(1523 1523),3
741,742,Neat1,1528,1847,41.30457192,POINT(1528 1528),3
742,743,Neat1,1541,1814,41.30457192,POINT(1541 1541),3
743,744,Neat1,1540,1825,41.30457192,POINT(1540 1540),3
744,745,Neat1,1558,1814,41.30457192,POINT(1558 1558),3
745,746,Neat1,1569,1817,41.30457192,POINT(1569 1569),3
746,747,Neat1,1667,1569,41.30457192,POINT(1667 1667),3
747,748,Neat1,1699,1244,41.30457192,POINT(1699 1699),3
748,749,Neat1,1726,1333,41.30457192,POINT(1726 1726),3
749,750,Neat1,1814,1726,41.30457192,POINT(1814 1814),3
750,751,Neat1,1815,912,41.30457192,POINT(1815 1815),3
751,752,Neat1,1829,911,41.30457192,POINT(1829 1829),3
752,753,Neat1,1836,1024,41.30457192,POINT(1836 1836),3
753,754,Neat1,1845,1029,41.30457192,POINT(1845 1845),3
754,755,Neat1,1858,820,41.30457192,POINT(1858 1858),3
755,756,Neat1,1861,1082,41.30457192,POINT(1861 1861),3
756,757,Neat1,1869,1085,41.30457192,POINT(1869 1869),3
757,758,Neat1,1873,1682,41.30457192,POINT(1873 1873),3
758,759,Neat1,1872,1856,41.30457192,POINT(1872 1872),3
759,760,Neat1,1878,1322,41.30457192,POINT(1878 1878),3
760,761,Neat1,1878,1705,41.30457192,POINT(1878 1878),3
761,762,Neat1,1883,1685,41.30457192,POINT(1883 1883),3
762,763,Neat1,1931,1830,41.30457192,POINT(1931 1931),3
763,764,Neat1,1523,1872,55.07276256,POINT(1523 1523),4
764,765,Neat1,1527,1852,55.07276256,POINT(1527 1527),4
765,766,Neat1,1549,1838,55.07276256,POINT(1549 1549),4
766,767,Neat1,1551,1825,55.07276256,POINT(1551 1551),4
767,768,Neat1,1556,1830,55.07276256,POINT(1556 1556),4
768,769,Neat1,1567,1814,55.07276256,POINT(1567 1567),4
769,770,Neat1,1695,1250,55.07276256,POINT(1695 1695),4
770,771,Neat1,1737,1347,55.07276256,POINT(1737 1737),4
771,772,Neat1,1798,1794,55.07276256,POINT(1798 1798),4
772,773,Neat1,1798,1716,55.07276256,POINT(1798 1798),4
773,774,Neat1,1805,1708,55.07276256,POINT(1805 1805),4
774,775,Neat1,1813,1732,55.07276256,POINT(1813 1813),4
775,776,Neat1,1818,893,55.07276256,POINT(1818 1818),4
776,777,Neat1,1820,902,55.07276256,POINT(1820 1820),4
777,778,Neat1,1831,1025,55.07276256,POINT(1831 1831),4
778,779,Neat1,1834,1548,55.07276256,POINT(1834 1834),4
779,780,Neat1,1842,1049,55.07276256,POINT(1842 1842),4
780,781,Neat1,1847,1030,55.07276256,POINT(1847 1847),4
781,782,Neat1,1863,1087,55.07276256,POINT(1863 1863),4
782,783,Neat1,1875,1679,55.07276256,POINT(1875 1875),4
783,784,Neat1,1877,1619,55.07276256,POINT(1877 1877),4
784,785,Neat1,1881,1323,55.07276256,POINT(1881 1881),4
785,786,Neat1,1887,1694,55.07276256,POINT(1887 1887),4
786,787,Neat1,1898,1341,55.07276256,POINT(1898 1898),4
787,788,Neat1,1903,1327,55.07276256,POINT(1903 1903),4
788,789,Neat1,1925,1808,55.07276256,POINT(1925 1925),4
789,790,Neat1,1939,1791,55.07276256,POINT(1939 1939),4
790,791,Neat1,1527,1852,68.8409532,POINT(1527 1527),5
791,792,Neat1,1563,1818,68.8409532,POINT(1563 1563),5
792,793,Neat1,1715,1203,68.8409532,POINT(1715 1715),5
793,794,Neat1,1729,1345,68.8409532,POINT(1729 1729),5
794,795,Neat1,1740,1918,68.8409532,POINT(1740 1740),5
795,796,Neat1,1797,1473,68.8409532,POINT(1797 1797),5
796,797,Neat1,1801,1675,68.8409532,POINT(1801 1801),5
797,798,Neat1,1805,1708,68.8409532,POINT(1805 1805),5
798,799,Neat1,1814,895,68.8409532,POINT(1814 1814),5
799,800,Neat1,1815,916,68.8409532,POINT(1815 1815),5
800,801,Neat1,1819,932,68.8409532,POINT(1819 1819),5
801,802,Neat1,1821,903,68.8409532,POINT(1821 1821),5
802,803,Neat1,1824,897,68.8409532,POINT(1824 1824),5
803,804,Neat1,1828,1559,68.8409532,POINT(1828 1828),5
804,805,Neat1,1846,1029,68.8409532,POINT(1846 1846),5
805,806,Neat1,1847,1751,68.8409532,POINT(1847 1847),5
806,807,Neat1,1852,1032,68.8409532,POINT(1852 1852),5
807,808,Neat1,1854,1018,68.8409532,POINT(1854 1854),5
808,809,Neat1,1863,1780,68.8409532,POINT(1863 1863),5
809,810,Neat1,1871,1684,68.8409532,POINT(1871 1871),5
810,811,Neat1,1894,1309,68.8409532,POINT(1894 1894),5
811,812,Neat1,1903,1328,68.8409532,POINT(1903 1903),5
812,813,Neat1,1526,1863,82.60914384,POINT(1526 1526),6
813,814,Neat1,1531,1861,82.60914384,POINT(1531 1531),6
814,815,Neat1,1538,1844,82.60914384,POINT(1538 1538),6
815,816,Neat1,1556,1841,82.60914384,POINT(1556 1556),6
816,817,Neat1,1559,1825,82.60914384,POINT(1559 1559),6
817,818,Neat1,1562,1816,82.60914384,POINT(1562 1562),6
818,819,Neat1,1563,1865,82.60914384,POINT(1563 1563),6
819,820,Neat1,1723,1335,82.60914384,POINT(1723 1723),6
820,821,Neat1,1730,1400,82.60914384,POINT(1730 1730),6
821,822,Neat1,1734,1913,82.60914384,POINT(1734 1734),6
822,823,Neat1,1803,923,82.60914384,POINT(1803 1803),6
823,824,Neat1,1813,1713,82.60914384,POINT(1813 1813),6
824,825,Neat1,1817,931,82.60914384,POINT(1817 1817),6
825,826,Neat1,1818,923,82.60914384,POINT(1818 1818),6
826,827,Neat1,1822,1706,82.60914384,POINT(1822 1822),6
827,828,Neat1,1826,943,82.60914384,POINT(1826 1826),6
828,829,Neat1,1827,1573,82.60914384,POINT(1827 1827),6
829,830,Neat1,1828,929,82.60914384,POINT(1828 1828),6
830,831,Neat1,1829,1565,82.60914384,POINT(1829 1829),6
831,832,Neat1,1832,1559,82.60914384,POINT(1832 1832),6
832,833,Neat1,1836,1557,82.60914384,POINT(1836 1836),6
833,834,Neat1,1840,1571,82.60914384,POINT(1840 1840),6
834,835,Neat1,1846,1030,82.60914384,POINT(1846 1846),6
835,836,Neat1,1846,1751,82.60914384,POINT(1846 1846),6
836,837,Neat1,1847,1037,82.60914384,POINT(1847 1847),6
837,838,Neat1,1859,1023,82.60914384,POINT(1859 1859),6
838,839,Neat1,1883,1556,82.60914384,POINT(1883 1883),6
839,840,Neat1,1885,1309,82.60914384,POINT(1885 1885),6
840,841,Neat1,1887,1536,82.60914384,POINT(1887 1887),6
841,842,Neat1,1892,1296,82.60914384,POINT(1892 1892),6
842,843,Neat1,1897,1563,82.60914384,POINT(1897 1897),6
843,844,Neat1,1899,1549,82.60914384,POINT(1899 1899),6
844,845,Neat1,1529,1862,96.37733447,POINT(1529 1529),6
845,846,Neat1,1536,1871,96.37733447,POINT(1536 1536),6
846,847,Neat1,1552,1828,96.37733447,POINT(1552 1552),6
847,848,Neat1,1560,1830,96.37733447,POINT(1560 1560),6
848,849,Neat1,1562,1866,96.37733447,POINT(1562 1562),6
849,850,Neat1,1574,1814,96.37733447,POINT(1574 1574),6
850,851,Neat1,1585,1825,96.37733447,POINT(1585 1585),6
851,852,Neat1,1602,1686,96.37733447,POINT(1602 1602),6
852,853,Neat1,1625,1720,96.37733447,POINT(1625 1625),6
853,854,Neat1,1642,1731,96.37733447,POINT(1642 1642),6
854,855,Neat1,1673,1718,96.37733447,POINT(1673 1673),6
855,856,Neat1,1689,1573,96.37733447,POINT(1689 1689),6
856,857,Neat1,1728,1338,96.37733447,POINT(1728 1728),6
857,858,Neat1,1731,1402,96.37733447,POINT(1731 1731),6
858,859,Neat1,1734,1408,96.37733447,POINT(1734 1734),6
859,860,Neat1,1803,923,96.37733447,POINT(1803 1803),6
860,861,Neat1,1813,1711,96.37733447,POINT(1813 1813),6
861,862,Neat1,1815,928,96.37733447,POINT(1815 1815),6
862,863,Neat1,1818,931,96.37733447,POINT(1818 1818),6
863,864,Neat1,1820,923,96.37733447,POINT(1820 1820),6
864,865,Neat1,1822,896,96.37733447,POINT(1822 1822),6
865,866,Neat1,1829,902,96.37733447,POINT(1829 1829),6
866,867,Neat1,1828,1706,96.37733447,POINT(1828 1828),6
867,868,Neat1,1828,1561,96.37733447,POINT(1828 1828),6
868,869,Neat1,1830,936,96.37733447,POINT(1830 1830),6
869,870,Neat1,1842,1569,96.37733447,POINT(1842 1842),6
870,871,Neat1,1847,1558,96.37733447,POINT(1847 1847),6
871,872,Neat1,1859,1023,96.37733447,POINT(1859 1859),6
872,873,Neat1,1867,1509,96.37733447,POINT(1867 1867),6
873,874,Neat1,1882,1569,96.37733447,POINT(1882 1882),6
874,875,Neat1,1526,1864,110.1455251,POINT(1526 1526),7
875,876,Neat1,1534,1863,110.1455251,POINT(1534 1534),7
876,877,Neat1,1584,1821,110.1455251,POINT(1584 1584),7
877,878,Neat1,1603,1686,110.1455251,POINT(1603 1603),7
878,879,Neat1,1803,923,110.1455251,POINT(1803 1803),7
879,880,Neat1,1812,916,110.1455251,POINT(1812 1812),7
880,881,Neat1,1815,929,110.1455251,POINT(1815 1815),7
881,882,Neat1,1825,931,110.1455251,POINT(1825 1825),7
882,883,Neat1,1828,900,110.1455251,POINT(1828 1828),7
883,884,Neat1,1841,1569,110.1455251,POINT(1841 1841),7
884,885,Neat1,1843,1562,110.1455251,POINT(1843 1843),7
885,886,Neat1,1874,1560,110.1455251,POINT(1874 1874),7
886,887,Slc5a1,1887,1614,27.53638128,POINT(1887 1887),2
887,888,Slc2a2,1819,966,68.8409532,POINT(1819 1819),5
888,889,Nlrp6,1816,1847,0.0,POINT(1816 1816),0
889,890,Nlrp6,1842,1908,0.0,POINT(1842 1842),0
890,891,Nlrp6,1800,1856,13.76819064,POINT(1800 1800),1
891,892,Nlrp6,1656,1935,27.53638128,POINT(1656 1656),2
892,893,Nlrp6,1752,1931,27.53638128,POINT(1752 1752),2
893,894,Nlrp6,1775,1858,55.07276256,POINT(1775 1775),4
894,895,Stmn1,1723,1883,0.0,POINT(1723 1723),0
895,896,Stmn1,1745,1836,0.0,POINT(1745 1745),0
896,897,Stmn1,1807,945,0.0,POINT(1807 1807),0
897,898,Stmn1,1685,1880,13.76819064,POINT(1685 1685),1
898,899,Stmn1,1697,1915,13.76819064,POINT(1697 1697),1
899,900,Stmn1,1705,1930,13.76819064,POINT(1705 1705),1
900,901,Stmn1,1766,1118,13.76819064,POINT(1766 1766),1
901,902,Stmn1,1546,1837,27.53638128,POINT(1546 1546),2
902,903,Stmn1,1710,1918,27.53638128,POINT(1710 1710),2
903,904,Stmn1,1715,1868,27.53638128,POINT(1715 1715),2
904,905,Stmn1,1758,1834,27.53638128,POINT(1758 1758),2
905,906,Stmn1,1763,1865,27.53638128,POINT(1763 1763),2
906,907,Stmn1,1800,1823,27.53638128,POINT(1800 1800),2
907,908,Stmn1,1810,1243,27.53638128,POINT(1810 1810),2
908,909,Stmn1,1818,1826,27.53638128,POINT(1818 1818),2
909,910,Stmn1,1840,883,27.53638128,POINT(1840 1840),2
910,911,Stmn1,1937,582,27.53638128,POINT(1937 1937),2
911,912,Stmn1,1939,643,27.53638128,POINT(1939 1939),2
912,913,Stmn1,1690,1918,41.30457192,POINT(1690 1690),3
913,914,Stmn1,1746,1852,41.30457192,POINT(1746 1746),3
914,915,Stmn1,1749,1868,41.30457192,POINT(1749 1749),3
915,916,Stmn1,1935,919,41.30457192,POINT(1935 1935),3
916,917,Stmn1,1541,1865,55.07276256,POINT(1541 1541),4
917,918,Stmn1,1752,1838,55.07276256,POINT(1752 1752),4
918,919,Stmn1,1914,928,55.07276256,POINT(1914 1914),4
919,920,Stmn1,1773,1521,68.8409532,POINT(1773 1773),5
920,921,Stmn1,1737,1217,82.60914384,POINT(1737 1737),6
921,922,Stmn1,1806,952,82.60914384,POINT(1806 1806),6
922,923,Marcksl1,1705,1440,0.0,POINT(1705 1705),0
923,924,Marcksl1,1717,1934,0.0,POINT(1717 1717),0
924,925,Marcksl1,1726,1664,0.0,POINT(1726 1726),0
925,926,Marcksl1,1784,1874,0.0,POINT(1784 1784),0
926,927,Marcksl1,1827,1860,0.0,POINT(1827 1827),0
927,928,Marcksl1,1697,1836,13.76819064,POINT(1697 1697),1
928,929,Marcksl1,1726,1360,13.76819064,POINT(1726 1726),1
929,930,Marcksl1,1749,1878,13.76819064,POINT(1749 1749),1
930,931,Marcksl1,1763,1859,13.76819064,POINT(1763 1763),1
931,932,Marcksl1,1762,1924,13.76819064,POINT(1762 1762),1
932,933,Marcksl1,1769,1884,13.76819064,POINT(1769 1769),1
933,934,Marcksl1,1824,1864,13.76819064,POINT(1824 1824),1
934,935,Marcksl1,1770,1855,27.53638128,POINT(1770 1770),2
935,936,Marcksl1,1806,1330,27.53638128,POINT(1806 1806),2
936,937,Marcksl1,1727,1905,41.30457192,POINT(1727 1727),3
937,938,Marcksl1,1739,1809,41.30457192,POINT(1739 1739),3
938,939,Marcksl1,1752,1816,41.30457192,POINT(1752 1752),3
939,940,Marcksl1,1755,1906,41.30457192,POINT(1755 1755),3
940,941,Marcksl1,1745,1872,55.07276256,POINT(1745 1745),4
941,942,Marcksl1,1751,1878,55.07276256,POINT(1751 1751),4
942,943,Marcksl1,1842,1209,68.8409532,POINT(1842 1842),5
943,944,Vim,1503,1902,0.0,POINT(1503 1503),0
944,945,Vim,1517,1704,0.0,POINT(1517 1517),0
945,946,Vim,1517,1737,0.0,POINT(1517 1517),0
946,947,Vim,1531,1817,0.0,POINT(1531 1531),0
947,948,Vim,1534,1614,0.0,POINT(1534 1534),0
948,949,Vim,1565,1842,0.0,POINT(1565 1565),0
949,950,Vim,1571,1817,0.0,POINT(1571 1571),0
950,951,Vim,1580,1813,0.0,POINT(1580 1580),0
951,952,Vim,1582,1735,0.0,POINT(1582 1582),0
952,953,Vim,1587,1809,0.0,POINT(1587 1587),0
953,954,Vim,1632,1599,0.0,POINT(1632 1632),0
954,955,Vim,1672,1462,0.0,POINT(1672 1672),0
955,956,Vim,1676,1486,0.0,POINT(1676 1676),0
956,957,Vim,1684,1365,0.0,POINT(1684 1684),0
957,958,Vim,1701,1837,0.0,POINT(1701 1701),0
958,959,Vim,1704,1290,0.0,POINT(1704 1704),0
959,960,Vim,1737,1178,0.0,POINT(1737 1737),0
960,961,Vim,1771,1808,0.0,POINT(1771 1771),0
961,962,Vim,1774,1079,0.0,POINT(1774 1774),0
962,963,Vim,1786,1131,0.0,POINT(1786 1786),0
963,964,Vim,1787,1141,0.0,POINT(1787 1787),0
964,965,Vim,1793,1783,0.0,POINT(1793 1793),0
965,966,Vim,1816,1709,0.0,POINT(1816 1816),0
966,967,Vim,1832,1609,0.0,POINT(1832 1832),0
967,968,Vim,1839,1628,0.0,POINT(1839 1839),0
968,969,Vim,1842,866,0.0,POINT(1842 1842),0
969,970,Vim,1844,1637,0.0,POINT(1844 1844),0
970,971,Vim,1847,826,0.0,POINT(1847 1847),0
971,972,Vim,1849,1796,0.0,POINT(1849 1849),0
972,973,Vim,1852,1642,0.0,POINT(1852 1852),0
973,974,Vim,1853,1501,0.0,POINT(1853 1853),0
974,975,Vim,1853,1811,0.0,POINT(1853 1853),0
975,976,Vim,1854,1800,0.0,POINT(1854 1854),0
976,977,Vim,1857,1618,0.0,POINT(1857 1857),0
977,978,Vim,1858,1611,0.0,POINT(1858 1858),0
978,979,Vim,1859,1808,0.0,POINT(1859 1859),0
979,980,Vim,1864,1710,0.0,POINT(1864 1864),0
980,981,Vim,1866,1786,0.0,POINT(1866 1866),0
981,982,Vim,1868,1721,0.0,POINT(1868 1868),0
982,983,Vim,1869,1615,0.0,POINT(1869 1869),0
983,984,Vim,1870,1811,0.0,POINT(1870 1870),0
984,985,Vim,1875,759,0.0,POINT(1875 1875),0
985,986,Vim,1878,1696,0.0,POINT(1878 1878),0
986,987,Vim,1878,1797,0.0,POINT(1878 1878),0
987,988,Vim,1889,1385,0.0,POINT(1889 1889),0
988,989,Vim,1892,709,0.0,POINT(1892 1892),0
989,990,Vim,1899,1498,0.0,POINT(1899 1899),0
990,991,Vim,1900,693,0.0,POINT(1900 1900),0
991,992,Vim,1909,683,0.0,POINT(1909 1909),0
992,993,Vim,1910,1490,0.0,POINT(1910 1910),0
993,994,Vim,1914,669,0.0,POINT(1914 1914),0
994,995,Vim,1917,644,0.0,POINT(1917 1917),0
995,996,Vim,1919,608,0.0,POINT(1919 1919),0
996,997,Vim,1926,1459,0.0,POINT(1926 1926),0
997,998,Vim,1928,1318,0.0,POINT(1928 1928),0
998,999,Vim,1491,1930,13.76819064,POINT(1491 1491),1
999,1000,Vim,1510,1835,13.76819064,POINT(1510 1510),1
